Filename,Language,Gender,Ethnicity,Accent,Age,Clip Time From,Clip Time To,Video_Id,Source,Emotion
-btTC-bepAk,English,Male,Indian,Indian,55-64,0:00:03,0:00:09,-btTC-bepAk,YouTube,Neutral
3vBTmyCDzeI,English,Male,Black,American,36-45,0:00:24,0:00:30,3vBTmyCDzeI,YouTube,Neutral
8EMW7io4rSI_001,English,Female,White,American,36-45,0:02:06,0:02:12,8EMW7io4rSI,YouTube,Neutral
8EMW7io4rSI_002,English,Female,White,American,36-45,0:02:20,0:02:26,8EMW7io4rSI,YouTube,Neutral
8EMW7io4rSI_003,English,Female,White,American,36-45,0:04:00,0:04:06,8EMW7io4rSI,YouTube,Neutral
8EMW7io4rSI_004,English,Female,White,American,36-45,0:04:40,0:04:46,8EMW7io4rSI,YouTube,Neutral
8EMW7io4rSI_005,English,Female,White,American,36-45,0:06:00,0:06:06,8EMW7io4rSI,YouTube,Neutral
8tbs8tFTHpE_001,English,Male,Black,English,46-55,0:00:16,0:00:20,8tbs8tFTHpE,YouTube,Neutral
8tbs8tFTHpE_002,English,Male,Black,English,46-55,0:01:35,0:01:40,8tbs8tFTHpE,YouTube,Neutral
8tbs8tFTHpE_003,English,Male,Black,English,46-55,0:01:40,0:01:46,8tbs8tFTHpE,YouTube,Neutral
8tbs8tFTHpE_004,English,Male,Black,English,46-55,0:01:50,0:01:55,8tbs8tFTHpE,YouTube,Neutral
AITgQcxFfJI_001,English,Male,White,English,46-55,0:00:20,0:00:26,AITgQcxFfJI,YouTube,Neutral
AITgQcxFfJI_002,English,Male,White,English,46-55,0:00:30,0:00:36,AITgQcxFfJI,YouTube,Neutral
AITgQcxFfJI_003,English,Male,White,English,46-55,0:00:40,0:00:46,AITgQcxFfJI,YouTube,Neutral
AITgQcxFfJI_004,English,Male,White,English,46-55,0:00:50,0:00:56,AITgQcxFfJI,YouTube,Neutral
AITgQcxFfJI_005,English,Male,White,English,46-55,0:01:00,0:01:06,AITgQcxFfJI,YouTube,Neutral
B9yP-sy_Dzo_001,English,Male,Black,Nigerian,26-35,0:00:26,0:00:32,B9yP-sy_Dzo,YouTube,Neutral
B9yP-sy_Dzo_002,English,Male,Black,Nigerian,26-35,0:01:32,0:01:38,B9yP-sy_Dzo,YouTube,Neutral
B9yP-sy_Dzo_003,English,Male,Black,Nigerian,26-35,0:06:40,0:06:46,B9yP-sy_Dzo,YouTube,Neutral
FI4HkCzMaIk_001,English,Female,Middle Eastern,Canadian,36-45,0:00:00,0:00:06,FI4HkCzMaIk,YouTube,Neutral
FI4HkCzMaIk_002,English,Female,Middle Eastern,Canadian,36-45,0:00:06,0:00:12,FI4HkCzMaIk,YouTube,Neutral
FI4HkCzMaIk_003,English,Female,Middle Eastern,Canadian,36-45,0:02:36,0:02:42,FI4HkCzMaIk,YouTube,Neutral
FI4HkCzMaIk_004,English,Female,Middle Eastern,Canadian,36-45,0:02:42,0:02:48,FI4HkCzMaIk,YouTube,Neutral
FI4HkCzMaIk_005,English,Female,Middle Eastern,Canadian,36-45,0:02:50,0:02:56,FI4HkCzMaIk,YouTube,Neutral
GEBzsz8ZSXs_001,English,Male,White,American,26-35,0:01:05,0:01:11,GEBzsz8ZSXs,YouTube,Neutral
GEBzsz8ZSXs_002,English,Male,White,American,26-35,0:03:40,0:03:46,GEBzsz8ZSXs,YouTube,Neutral
GEBzsz8ZSXs_003,English,Male,White,American,26-35,0:10:42,0:10:48,GEBzsz8ZSXs,YouTube,Neutral
H7eDiN191iY_001,English,Female,White,British,46-55,0:00:45,0:00:51,H7eDiN191iY,YouTube,Neutral
H7eDiN191iY_002,English,Female,White,British,46-55,0:06:30,0:06:36,H7eDiN191iY,YouTube,Neutral
H7eDiN191iY_003,English,Female,White,British,46-55,0:21:00,0:21:06,H7eDiN191iY,YouTube,Neutral
HIcQrUXwxO0_001,English,Female,White,English,46-55,0:00:40,0:00:46,HIcQrUXwxO0,YouTube,Neutral
HIcQrUXwxO0_002,English,Female,White,English,46-55,0:01:10,0:01:14,HIcQrUXwxO0,YouTube,Neutral
HIcQrUXwxO0_003,English,Female,White,English,46-55,0:01:20,0:01:26,HIcQrUXwxO0,YouTube,Neutral
HIcQrUXwxO0_004,English,Female,White,English,46-55,0:04:12,0:04:18,HIcQrUXwxO0,YouTube,Neutral
I1XeDS-GLbg_001,English,Male,White,English,55-64,0:03:11,0:03:17,I1XeDS-GLbg,YouTube,Neutral
I1XeDS-GLbg_002,English,Male,White,English,55-64,0:06:45,0:06:51,I1XeDS-GLbg,YouTube,Neutral
I1XeDS-GLbg_003,English,Male,White,English,55-64,0:07:32,0:07:38,I1XeDS-GLbg,YouTube,Neutral
I1XeDS-GLbg_004,English,Male,White,English,55-64,0:09:00,0:09:06,I1XeDS-GLbg,YouTube,Neutral
I1XeDS-GLbg_005,English,Male,White,English,55-64,0:13:00,0:13:06,I1XeDS-GLbg,YouTube,Neutral
L4BuUzccLpo_001,English,Female,White,English,46-55,0:00:11,0:00:17,L4BuUzccLpo,YouTube,Neutral
L4BuUzccLpo_002,English,Female,White,English,46-55,0:00:30,0:00:36,L4BuUzccLpo,YouTube,Neutral
L4BuUzccLpo_003,English,Female,White,English,46-55,0:00:37,0:00:43,L4BuUzccLpo,YouTube,Neutral
L4BuUzccLpo_004,English,Female,White,English,46-55,0:00:44,0:00:50,L4BuUzccLpo,YouTube,Neutral
L4BuUzccLpo_005,English,Female,White,English,46-55,0:00:50,0:00:56,L4BuUzccLpo,YouTube,Neutral
P90JtawfroM_001,English,Female,White,American,26-35,0:00:08,0:00:14,P90JtawfroM,YouTube,Neutral
P90JtawfroM_002,English,Female,White,American,26-35,0:11:55,0:12:01,P90JtawfroM,YouTube,Neutral
SwQhKFMxmDY_001,English,Male,White,American,46-55,0:00:00,0:00:06,SwQhKFMxmDY,YouTube,Neutral
SwQhKFMxmDY_002,English,Male,White,American,46-55,0:00:06,0:00:12,SwQhKFMxmDY,YouTube,Neutral
SwQhKFMxmDY_003,English,Male,White,American,46-55,0:00:12,0:00:18,SwQhKFMxmDY,YouTube,Neutral
SwQhKFMxmDY_004,English,Male,White,American,46-55,0:00:18,0:00:24,SwQhKFMxmDY,YouTube,Neutral
SwQhKFMxmDY_005,English,Male,White,American,46-55,0:00:24,0:00:30,SwQhKFMxmDY,YouTube,Neutral
TmhQCQr_DCA_001,English,Male,White,American,26-35,0:00:12,0:00:18,TmhQCQr_DCA,YouTube,Neutral
TmhQCQr_DCA_002,English,Male,White,American,26-35,0:03:14,0:03:20,TmhQCQr_DCA,YouTube,Neutral
TmhQCQr_DCA_003,English,Male,White,American,26-35,0:03:20,0:03:26,TmhQCQr_DCA,YouTube,Neutral
TmhQCQr_DCA_004,English,Male,White,American,26-35,0:03:40,0:03:46,TmhQCQr_DCA,YouTube,Neutral
TmhQCQr_DCA_005,English,Male,White,American,26-35,0:03:50,0:03:56,TmhQCQr_DCA,YouTube,Neutral
U-xCIstDBaI_001,English,Male,White,English,56-65,0:03:20,0:03:26,U-xCIstDBaI,YouTube,Neutral
U-xCIstDBaI_002,English,Male,White,English,56-65,0:17:16,0:17:22,U-xCIstDBaI,YouTube,Neutral
U-xCIstDBaI_003,English,Male,White,English,56-65,0:17:56,0:18:02,U-xCIstDBaI,YouTube,Neutral
U-xCIstDBaI_004,English,Male,White,English,56-65,0:34:15,0:34:21,U-xCIstDBaI,YouTube,Neutral
U-xCIstDBaI_005,English,Male,White,English,56-65,0:38:31,0:38:37,U-xCIstDBaI,YouTube,Neutral
X2_0tModWp4,English,Female,White,American,36-45,0:00:30,0:00:36,X2_0tModWp4,YouTube,Neutral
X2_0tModWp4_001,English,Female,White,American,36-45,0:03:30,0:03:36,X2_0tModWp4,YouTube,Neutral
XQA5zKm_dsA,English,Female,White,British,55-64,0:00:02,0:00:08,XQA5zKm_dsA,YouTube,Neutral
Xe4U_-o_Eww_001,English,Female,Iranian,Austrian,36-45,0:00:55,0:01:01,Xe4U_-o_Eww,YouTube,Neutral
Xe4U_-o_Eww_002,English,Female,Iranian,Austrian,36-45,0:02:30,0:02:36,Xe4U_-o_Eww,YouTube,Neutral
dLOZshvgFYY_001,English,Female,White,American,36-45,0:01:03,0:01:09,dLOZshvgFYY,YouTube,Neutral
dLOZshvgFYY_002,English,Female,White,American,36-45,0:03:00,0:03:06,dLOZshvgFYY,YouTube,Neutral
dLOZshvgFYY_003,English,Female,White,American,36-45,0:04:32,0:04:38,dLOZshvgFYY,YouTube,Neutral
fUpChfNN5Uo_001,English,Male,White,American,36-45,0:01:24,0:01:30,fUpChfNN5Uo,YouTube,Neutral
fUpChfNN5Uo_002,English,Male,White,American,36-45,0:02:52,0:02:58,fUpChfNN5Uo,YouTube,Neutral
fUpChfNN5Uo_003,English,Male,White,American,36-45,0:03:28,0:03:34,fUpChfNN5Uo,YouTube,Neutral
ft-vhYwHzxw_001,English,Male,White,English,46-55,0:00:00,0:00:06,ft-vhYwHzxw,YouTube,Neutral
ft-vhYwHzxw_002,English,Male,White,English,46-55,0:00:06,0:00:12,ft-vhYwHzxw,YouTube,Neutral
k9WqpQp8VSU_001,English,Male,Asian,American,16-25,0:01:20,0:01:26,k9WqpQp8VSU,YouTube,Neutral
k9WqpQp8VSU_002,English,Male,Asian,American,16-25,0:05:36,0:05:42,k9WqpQp8VSU,YouTube,Neutral
nNrgRVIzeHg_001,English,Male,White,American,36-45,0:00:12,0:00:18,nNrgRVIzeHg,YouTube,Neutral
nNrgRVIzeHg_002,English,Male,White,American,36-45,0:01:42,0:01:48,nNrgRVIzeHg,YouTube,Neutral
nNrgRVIzeHg_003,English,Male,White,American,36-45,0:04:42,0:04:48,nNrgRVIzeHg,YouTube,Neutral
v2oNWja7M2E_001,English,Male,Indian,Indian,46-55,0:04:03,0:04:09,v2oNWja7M2E,YouTube,Neutral
v2oNWja7M2E_002,English,Male,Indian,Indian,46-55,0:17:03,0:17:09,v2oNWja7M2E,YouTube,Neutral
v2oNWja7M2E_003,English,Male,Indian,Indian,46-55,0:21:17,0:21:23,v2oNWja7M2E,YouTube,Neutral
v2oNWja7M2E_004,English,Male,Indian,Indian,46-55,0:28:23,0:28:29,v2oNWja7M2E,YouTube,Neutral
v2oNWja7M2E_005,English,Male,Indian,Indian,46-55,0:32:10,0:32:16,v2oNWja7M2E,YouTube,Neutral
v2oNWja7M2E_006,English,Male,Indian,Indian,46-55,0:34:10,0:34:16,v2oNWja7M2E,YouTube,Neutral
vIeFt88Hm8s,English,Male,White,Canadian,55-64,0:00:49,0:00:55,vIeFt88Hm8s,YouTube,Neutral
xC-c7E5PK0Y_001,English,Male,Asian,American,36-45,0:02:03,0:02:09,xC-c7E5PK0Y,YouTube,Neutral
xC-c7E5PK0Y_002,English,Male,Asian,American,36-45,0:06:10,0:06:16,xC-c7E5PK0Y,YouTube,Neutral
xC-c7E5PK0Y_003,English,Male,Asian,American,36-45,0:09:55,0:10:01,xC-c7E5PK0Y,YouTube,Neutral
zIwLWfaAg-8_001,English,Male,White,South African,46-55,0:00:49,0:00:55,zIwLWfaAg-8,YouTube,Neutral
zIwLWfaAg-8_002,English,Male,White,South African,46-55,0:03:56,0:04:02,zIwLWfaAg-8,YouTube,Neutral
zIwLWfaAg-8_003,English,Male,White,South African,46-55,0:04:34,0:04:40,zIwLWfaAg-8,YouTube,Neutral
zIwLWfaAg-8_004,English,Male,White,South African,46-55,0:07:30,0:07:36,zIwLWfaAg-8,YouTube,Neutral
zIwLWfaAg-8_005,English,Male,White,South African,46-55,0:12:45,0:12:55,zIwLWfaAg-8,YouTube,Neutral
4rkVhLZGGes_1,,Female,American,,16-25,0:00:05,0:00:07,4rkVhLZGGes,YouTube,Happiness
DhbxfpzKYfI_1,,Female ,American,,46-55,0:00:05,0:00:15,DhbxfpzKYfI,YouTube,Happiness
DhbxfpzKYfI_10,,Female,American,,26-35,0:01:50,0:01:52,DhbxfpzKYfI,YouTube,Happiness
DhbxfpzKYfI_11,,Male,American,,36-45,0:01:55,0:02:01,DhbxfpzKYfI,YouTube,Happiness
DhbxfpzKYfI_12,,Female,Black American,,36-45,0:02:12,0:02:15,DhbxfpzKYfI,YouTube,Happiness
DhbxfpzKYfI_13,,Female,Black American,,36-45,0:02:17,0:02:20,DhbxfpzKYfI,YouTube,Happiness
DhbxfpzKYfI_14,,Female,White American,,46-55,0:02:31,0:02:31,DhbxfpzKYfI,YouTube,Happiness
DhbxfpzKYfI_15,,Female,White American,,46-55,0:02:35,0:02:37,DhbxfpzKYfI,YouTube,Happiness
DhbxfpzKYfI_16,,Female,Black American,,36-45,0:02:38,0:02:39,DhbxfpzKYfI,YouTube,Happiness
DhbxfpzKYfI_17,,Male,Irish,,36-45,0:02:41,0:02:46,DhbxfpzKYfI,YouTube,Happiness
DhbxfpzKYfI_18,,Female,Irish,,26-35,0:02:54,0:02:55,DhbxfpzKYfI,YouTube,Happiness
DhbxfpzKYfI_19,,Male,Irish,,36-45,0:03:02,0:03:04,DhbxfpzKYfI,YouTube,Happiness
DhbxfpzKYfI_2,,Female ,American,,46-55,0:00:16,0:00:19,DhbxfpzKYfI,YouTube,Happiness
DhbxfpzKYfI_20,,Male,Irish,,36-45,0:03:06,0:03:10,DhbxfpzKYfI,YouTube,Happiness
DhbxfpzKYfI_21,,Female,Irish,,26-35,0:03:15,0:03:19,DhbxfpzKYfI,YouTube,Happiness
DhbxfpzKYfI_22,,Male,White American,,56-65,0:03:28,0:03:30,DhbxfpzKYfI,YouTube,Happiness
DhbxfpzKYfI_23,,Male,White American,,56-65,0:03:38,0:03:43,DhbxfpzKYfI,YouTube,Happiness
DhbxfpzKYfI_24,,Male,White American,,56-65,0:03:51,0:03:55,DhbxfpzKYfI,YouTube,Happiness
DhbxfpzKYfI_25,,Male,White American,,56-65,0:04:02,0:04:06,DhbxfpzKYfI,YouTube,Happiness
DhbxfpzKYfI_26,,Female,White American,,36-45,0:04:46,0:04:50,DhbxfpzKYfI,YouTube,Happiness
DhbxfpzKYfI_27,,Male,White American,,46-55,0:05:26,0:05:31,DhbxfpzKYfI,YouTube,Happiness
DhbxfpzKYfI_28,,Female,White American,,36-45,0:05:35,0:05:36,DhbxfpzKYfI,YouTube,Happiness
DhbxfpzKYfI_29,,Male,White American,,46-55,0:05:37,0:05:42,DhbxfpzKYfI,YouTube,Happiness
DhbxfpzKYfI_3,,Female,American,,36-45,0:00:36,0:00:40,DhbxfpzKYfI,YouTube,Happiness
DhbxfpzKYfI_30,,Female,Black American,,36-45,0:06:17,0:06:23,DhbxfpzKYfI,YouTube,Happiness
DhbxfpzKYfI_31,,Female,Black American,,36-45,0:06:24,0:06:27,DhbxfpzKYfI,YouTube,Happiness
DhbxfpzKYfI_32,,Female,Black American,,36-45,0:06:28,0:06:33,DhbxfpzKYfI,YouTube,Happiness
DhbxfpzKYfI_33,,Female,Black American,,36-45,0:06:34,0:06:36,DhbxfpzKYfI,YouTube,Happiness
DhbxfpzKYfI_34,,Female,Black American,,36-45,0:06:39,0:06:40,DhbxfpzKYfI,YouTube,Happiness
DhbxfpzKYfI_35,,Female,Black American,,36-45,0:06:43,0:06:45,DhbxfpzKYfI,YouTube,Happiness
DhbxfpzKYfI_36,,Female,Black American,,36-45,0:06:53,0:06:57,DhbxfpzKYfI,YouTube,Happiness
DhbxfpzKYfI_37,,Female,Black American,,26-35,0:07:18,0:07:23,DhbxfpzKYfI,YouTube,Happiness
DhbxfpzKYfI_38,,Female,Black American,,26-35,0:07:30,0:07:33,DhbxfpzKYfI,YouTube,Happiness
DhbxfpzKYfI_39,,Female,Black American,,26-35,0:07:52,0:07:55,DhbxfpzKYfI,YouTube,Happiness
DhbxfpzKYfI_4,,Female,American,,36-45,0:00:43,0:00:46,DhbxfpzKYfI,YouTube,Happiness
DhbxfpzKYfI_40,,Female,White American,,26-35,0:09:31,0:09:36,DhbxfpzKYfI,YouTube,Happiness
DhbxfpzKYfI_41,,Female,White American,,26-35,0:09:37,0:09:40,DhbxfpzKYfI,YouTube,Happiness
DhbxfpzKYfI_42,,Female,American,,36-45,0:10:29,0:10:35,DhbxfpzKYfI,YouTube,Happiness
DhbxfpzKYfI_43,,Female,American,,36-45,0:10:42,0:10:48,DhbxfpzKYfI,YouTube,Happiness
DhbxfpzKYfI_44,,Female,American,,36-45,0:10:50,0:10:54,DhbxfpzKYfI,YouTube,Happiness
DhbxfpzKYfI_45,,Female,American,,36-45,0:10:56,0:11:01,DhbxfpzKYfI,YouTube,Happiness
DhbxfpzKYfI_46,,Female,American,,36-45,0:11:07,0:11:13,DhbxfpzKYfI,YouTube,Happiness
DhbxfpzKYfI_47,,Male,American,,36-45,0:12:07,0:12:11,DhbxfpzKYfI,YouTube,Happiness
DhbxfpzKYfI_48,,Male,American,,36-45,0:12:12,0:12:14,DhbxfpzKYfI,YouTube,Happiness
DhbxfpzKYfI_49,,Male,American,,36-45,0:12:21,0:12:25,DhbxfpzKYfI,YouTube,Happiness
DhbxfpzKYfI_5,,Female,American,,26-35,0:00:54,0:01:00,DhbxfpzKYfI,YouTube,Happiness
DhbxfpzKYfI_50,,Female,American,,36-45,0:12:54,0:12:58,DhbxfpzKYfI,YouTube,Happiness
DhbxfpzKYfI_51,,Female,American,,36-45,0:12:59,0:13:04,DhbxfpzKYfI,YouTube,Happiness
DhbxfpzKYfI_52,,Female,American,,36-45,0:13:05,0:13:10,DhbxfpzKYfI,YouTube,Happiness
DhbxfpzKYfI_53,,Female,American,,36-45,0:13:15,0:13:20,DhbxfpzKYfI,YouTube,Happiness
DhbxfpzKYfI_54,,Male,American,,36-45,0:13:25,0:13:30,DhbxfpzKYfI,YouTube,Happiness
DhbxfpzKYfI_55,,Male,American,,36-45,0:13:31,0:13:32,DhbxfpzKYfI,YouTube,Happiness
DhbxfpzKYfI_56,,Male,American,,36-45,0:13:34,0:13:40,DhbxfpzKYfI,YouTube,Happiness
DhbxfpzKYfI_57,,Male,American,,36-45,0:13:43,0:13:46,DhbxfpzKYfI,YouTube,Happiness
DhbxfpzKYfI_58,,Female,Black American,,46-55,0:14:09,0:14:15,DhbxfpzKYfI,YouTube,Happiness
DhbxfpzKYfI_59,,Male,White American,,46-55,0:14:23,0:14:28,DhbxfpzKYfI,YouTube,Happiness
DhbxfpzKYfI_6,,Female,American,,26-35,0:01:01,0:01:05,DhbxfpzKYfI,YouTube,Happiness
DhbxfpzKYfI_60,,Female,White American,,26-35,0:16:26,0:16:29,DhbxfpzKYfI,YouTube,Happiness
DhbxfpzKYfI_61,,Female,White American,,26-35,0:17:21,0:17:24,DhbxfpzKYfI,YouTube,Happiness
DhbxfpzKYfI_62,,Female,White American,,26-35,0:18:17,0:18:22,DhbxfpzKYfI,YouTube,Happiness
DhbxfpzKYfI_7,,Female,American,,26-35,0:01:23,0:01:25,DhbxfpzKYfI,YouTube,Happiness
DhbxfpzKYfI_8,,Male,American,,36-45,0:01:30,0:01:33,DhbxfpzKYfI,YouTube,Happiness
DhbxfpzKYfI_9,,Male,American,,36-45,0:01:46,0:01:48,DhbxfpzKYfI,YouTube,Happiness
P4ZSt8Xv7PM_1,,Male,Black American,,36-45,0:06:12,0:06:14,P4ZSt8Xv7PM,YouTube,Happiness
P4ZSt8Xv7PM_2,,Female,American,,,0:06:20,0:06:22,P4ZSt8Xv7PM,YouTube,Happiness
P4ZSt8Xv7PM_3,,Female,American,,,0:06:23,0:06:25,P4ZSt8Xv7PM,YouTube,Happiness
P4ZSt8Xv7PM_4,,Male,American,,36-45,0:06:35,0:06:37,P4ZSt8Xv7PM,YouTube,Happiness
P4ZSt8Xv7PM_5,,Male,American,,36-45,0:06:38,0:06:38,P4ZSt8Xv7PM,YouTube,Happiness
P4ZSt8Xv7PM_6,,Female,American,,,0:06:39,0:06:39,P4ZSt8Xv7PM,YouTube,Happiness
QMOB5r-9sWQ_1,,Female ,White American,,26-35,0:01:02,0:01:06,QMOB5r-9sWQ,YouTube,Happiness
QMOB5r-9sWQ_10,,Female,White American,,16-25,0:02:41,0:02:42,QMOB5r-9sWQ,YouTube,Happiness
QMOB5r-9sWQ_11,,Female,White American,,16-25,0:02:43,0:02:45,QMOB5r-9sWQ,YouTube,Happiness
QMOB5r-9sWQ_12,,Female,White American,,16-25,0:02:47,0:02:50,QMOB5r-9sWQ,YouTube,Happiness
QMOB5r-9sWQ_13,,Female,White American,,16-25,0:02:50,0:02:51,QMOB5r-9sWQ,YouTube,Happiness
QMOB5r-9sWQ_14,,Female,White American,,16-25,0:02:52,0:02:53,QMOB5r-9sWQ,YouTube,Happiness
QMOB5r-9sWQ_15,,Female,White American,,16-25,0:02:54,0:02:56,QMOB5r-9sWQ,YouTube,Happiness
QMOB5r-9sWQ_16,,Female,White American,,16-25,0:02:57,0:02:59,QMOB5r-9sWQ,YouTube,Happiness
QMOB5r-9sWQ_17,,Male,White American,,36-45,0:03:08,0:03:09,QMOB5r-9sWQ,YouTube,Happiness
QMOB5r-9sWQ_18,,Female,White American,,16-25,0:03:10,0:03:12,QMOB5r-9sWQ,YouTube,Happiness
QMOB5r-9sWQ_19,,Male,White Australian,,46-55,0:06:21,0:06:24,QMOB5r-9sWQ,YouTube,Happiness
QMOB5r-9sWQ_2,,Female ,White American,,26-36,0:01:08,0:01:12,QMOB5r-9sWQ,YouTube,Happiness
QMOB5r-9sWQ_20,,Male,White Australian,,46-55,0:06:25,0:06:28,QMOB5r-9sWQ,YouTube,Happiness
QMOB5r-9sWQ_21,,Male,White Australian,,46-55,0:06:29,0:06:34,QMOB5r-9sWQ,YouTube,Happiness
QMOB5r-9sWQ_22,,Male,White Australian,,46-55,0:06:36,0:06:40,QMOB5r-9sWQ,YouTube,Happiness
QMOB5r-9sWQ_23,,Male,White Australian,,46-55,0:06:43,0:06:48,QMOB5r-9sWQ,YouTube,Happiness
QMOB5r-9sWQ_24,,Male,Black African,,Teen,0:07:46,0:07:48,QMOB5r-9sWQ,YouTube,Happiness
QMOB5r-9sWQ_25,,Male,Black African,,16-25,0:07:49,0:07:50,QMOB5r-9sWQ,YouTube,Happiness
QMOB5r-9sWQ_26,,Male,Black African,,16-25,0:07:57,0:07:59,QMOB5r-9sWQ,YouTube,Happiness
QMOB5r-9sWQ_27,,Male,Black African,,16-25,0:08:15,0:08:16,QMOB5r-9sWQ,YouTube,Happiness
QMOB5r-9sWQ_28,,Female,White American,,16-25,0:08:17,0:08:20,QMOB5r-9sWQ,YouTube,Happiness
QMOB5r-9sWQ_29,,Female,White American,,16-25,0:08:21,0:08:23,QMOB5r-9sWQ,YouTube,Happiness
QMOB5r-9sWQ_3,,Female ,White American,,26-35,0:01:14,0:01:17,QMOB5r-9sWQ,YouTube,Happiness
QMOB5r-9sWQ_30,,Female,White American,,16-25,0:08:28,0:08:32,QMOB5r-9sWQ,YouTube,Happiness
QMOB5r-9sWQ_31,,Male,Black African,,16-25,0:08:34,0:08:35,QMOB5r-9sWQ,YouTube,Happiness
QMOB5r-9sWQ_4,,Female,White American,,26-35,0:01:33,0:01:37,QMOB5r-9sWQ,YouTube,Happiness
QMOB5r-9sWQ_5,,Female,White American,,26-35,0:01:46,0:01:50,QMOB5r-9sWQ,YouTube,Happiness
QMOB5r-9sWQ_6,,Female,White American,,26-35,0:02:20,0:02:22,QMOB5r-9sWQ,YouTube,Happiness
QMOB5r-9sWQ_7,,Female,White American,,16-25,0:02:28,0:02:34,QMOB5r-9sWQ,YouTube,Happiness
QMOB5r-9sWQ_8,,Female,White American,,36-45,0:02:35,0:02:37,QMOB5r-9sWQ,YouTube,Happiness
QMOB5r-9sWQ_9,,Male,White American,,36-45,0:02:37,0:02:39,QMOB5r-9sWQ,YouTube,Happiness
W-ktYGiiFBM_1,,Female,White American,,26-35,0:00:17,0:00:21,W-ktYGiiFBM,YouTube,Happiness
W-ktYGiiFBM_10,,Male,American,,,0:05:28,0:05:30,W-ktYGiiFBM,YouTube,Happiness
W-ktYGiiFBM_11,,Female,Canadian,,26-35,0:06:08,0:06:11,W-ktYGiiFBM,YouTube,Happiness
W-ktYGiiFBM_12,,Female,Canadian,,26-35,0:06:11,0:06:12,W-ktYGiiFBM,YouTube,Happiness
W-ktYGiiFBM_13,,Male,American,,36-45,0:07:25,0:07:28,W-ktYGiiFBM,YouTube,Happiness
W-ktYGiiFBM_14,,Male,American,,36-45,0:07:31,0:07:36,W-ktYGiiFBM,YouTube,Happiness
W-ktYGiiFBM_15,,Male,American,,36-45,0:07:46,0:07:47,W-ktYGiiFBM,YouTube,Happiness
W-ktYGiiFBM_16,,Male,American,,46-55,0:08:40,0:08:44,W-ktYGiiFBM,YouTube,Happiness
W-ktYGiiFBM_17,,Male,American,,46-55,0:09:04,0:09:08,W-ktYGiiFBM,YouTube,Happiness
W-ktYGiiFBM_18,,Male,American,,36-45,0:10:53,0:10:59,W-ktYGiiFBM,YouTube,Happiness
W-ktYGiiFBM_19,,Male,American,,36-45,0:11:05,0:11:07,W-ktYGiiFBM,YouTube,Happiness
W-ktYGiiFBM_2,,Female ,White American,,26-35,0:00:48,0:00:52,W-ktYGiiFBM,YouTube,Happiness
W-ktYGiiFBM_20,,Male,American,,36-45,0:11:08,0:11:14,W-ktYGiiFBM,YouTube,Happiness
W-ktYGiiFBM_3,,Female ,White American,,26-35,0:00:55,0:01:00,W-ktYGiiFBM,YouTube,Happiness
W-ktYGiiFBM_4,,Female ,White American,,26-35,0:01:07,0:01:13,W-ktYGiiFBM,YouTube,Happiness
W-ktYGiiFBM_5,,Female,White American,,26-35,0:02:41,0:02:46,W-ktYGiiFBM,YouTube,Happiness
W-ktYGiiFBM_6,,Female,White American,,26-35,0:02:55,0:03:00,W-ktYGiiFBM,YouTube,Happiness
W-ktYGiiFBM_7,,Female,White American,,26-35,0:03:03,0:03:09,W-ktYGiiFBM,YouTube,Happiness
W-ktYGiiFBM_8,,Female,White American,,26-35,0:03:10,0:03:14,W-ktYGiiFBM,YouTube,Happiness
W-ktYGiiFBM_9,,Male,White American,,36-45,0:03:39,0:03:43,W-ktYGiiFBM,YouTube,Happiness
YZkmQMHzPas_1,,Male,American,,46-55,0:00:08,0:00:11,YZkmQMHzPas,YouTube,Happiness
YZkmQMHzPas_10,,Female,American,,26-35,0:01:54,0:02:00,YZkmQMHzPas,YouTube,Happiness
YZkmQMHzPas_11,,Male,American,,46-55,0:02:56,0:02:59,YZkmQMHzPas,YouTube,Happiness
YZkmQMHzPas_12,,Male,American,,46-55,0:03:00,0:03:03,YZkmQMHzPas,YouTube,Happiness
YZkmQMHzPas_13,,Male,American,,46-55,0:03:04,0:03:07,YZkmQMHzPas,YouTube,Happiness
YZkmQMHzPas_14,,Male,American,,46-55,0:03:08,0:03:10,YZkmQMHzPas,YouTube,Happiness
YZkmQMHzPas_15,,Male,American,,46-55,0:03:11,0:03:16,YZkmQMHzPas,YouTube,Happiness
YZkmQMHzPas_16,,Male,American,,46-55,0:03:17,0:03:20,YZkmQMHzPas,YouTube,Happiness
YZkmQMHzPas_17,,Female ,American,,26-35,0:03:21,0:03:25,YZkmQMHzPas,YouTube,Happiness
YZkmQMHzPas_18,,Female ,American,,26-35,0:03:26,0:03:29,YZkmQMHzPas,YouTube,Happiness
YZkmQMHzPas_19,,Female ,American,,26-35,0:03:37,0:03:42,YZkmQMHzPas,YouTube,Happiness
YZkmQMHzPas_2,,Female,American,,26-35,0:00:56,0:01:01,YZkmQMHzPas,YouTube,Happiness
YZkmQMHzPas_20,,Female ,American,,26-35,0:03:47,0:03:53,YZkmQMHzPas,YouTube,Happiness
YZkmQMHzPas_21,,Female ,American,,26-35,0:03:55,0:04:00,YZkmQMHzPas,YouTube,Happiness
YZkmQMHzPas_22,,Female ,American,,26-35,0:04:04,0:04:08,YZkmQMHzPas,YouTube,Happiness
YZkmQMHzPas_23,,Female ,American,,26-35,0:04:15,0:04:19,YZkmQMHzPas,YouTube,Happiness
YZkmQMHzPas_24,,Male,American,,46-55,0:04:29,0:04:34,YZkmQMHzPas,YouTube,Happiness
YZkmQMHzPas_25,,Male,American,,,0:04:54,0:04:58,YZkmQMHzPas,YouTube,Happiness
YZkmQMHzPas_26,,Female,American,,36-45,0:06:04,0:06:09,YZkmQMHzPas,YouTube,Happiness
YZkmQMHzPas_27,,Female,American,,36-45,0:06:10,0:06:13,YZkmQMHzPas,YouTube,Happiness
YZkmQMHzPas_28,,Female,American,,36-45,0:06:14,0:06:20,YZkmQMHzPas,YouTube,Happiness
YZkmQMHzPas_29,,Female,American,,26-35,0:06:51,0:06:54,YZkmQMHzPas,YouTube,Happiness
YZkmQMHzPas_3,,Female,American,,26-35,0:01:02,0:01:08,YZkmQMHzPas,YouTube,Happiness
YZkmQMHzPas_30,,Female,American,,26-35,0:07:06,0:07:11,YZkmQMHzPas,YouTube,Happiness
YZkmQMHzPas_31,,Female,American,,26-35,0:07:12,0:07:14,YZkmQMHzPas,YouTube,Happiness
YZkmQMHzPas_32,,Female,American,,26-35,0:07:16,0:07:18,YZkmQMHzPas,YouTube,Happiness
YZkmQMHzPas_33,,Female,American,,26-35,0:07:40,0:07:41,YZkmQMHzPas,YouTube,Happiness
YZkmQMHzPas_34,,Female,American,,26-35,0:08:31,0:08:36,YZkmQMHzPas,YouTube,Happiness
YZkmQMHzPas_35,,Female,American,,26-35,0:08:41,0:08:43,YZkmQMHzPas,YouTube,Happiness
YZkmQMHzPas_36,,Female,American,,26-35,0:08:47,0:08:50,YZkmQMHzPas,YouTube,Happiness
YZkmQMHzPas_37,,Female,American,,36-45,0:08:51,0:08:56,YZkmQMHzPas,YouTube,Happiness
YZkmQMHzPas_38,,Female,American,,36-45,0:08:58,0:09:04,YZkmQMHzPas,YouTube,Happiness
YZkmQMHzPas_39,,Female,American,,26-35,0:09:24,0:09:25,YZkmQMHzPas,YouTube,Happiness
YZkmQMHzPas_4,,Male,American,,36-45,0:01:16,0:01:20,YZkmQMHzPas,YouTube,Happiness
YZkmQMHzPas_40,,Female,American,,26-35,0:09:27,0:09:31,YZkmQMHzPas,YouTube,Happiness
YZkmQMHzPas_41,,Female,American,,26-35,0:09:56,0:09:58,YZkmQMHzPas,YouTube,Happiness
YZkmQMHzPas_42,,Male,American,,36-45,0:10:14,0:10:19,YZkmQMHzPas,YouTube,Happiness
YZkmQMHzPas_43,,Male,American,,36-45,0:10:23,0:10:29,YZkmQMHzPas,YouTube,Happiness
YZkmQMHzPas_44,,Male,American,,36-45,0:10:30,0:10:33,YZkmQMHzPas,YouTube,Happiness
YZkmQMHzPas_45,,Male,American,,36-45,0:10:34,0:10:37,YZkmQMHzPas,YouTube,Happiness
YZkmQMHzPas_46,,Male,American,,26-35,0:10:56,0:11:00,YZkmQMHzPas,YouTube,Happiness
YZkmQMHzPas_47,,Male,American,,26-35,0:11:01,0:11:06,YZkmQMHzPas,YouTube,Happiness
YZkmQMHzPas_48,,Female,American,,36-45,0:11:09,0:11:12,YZkmQMHzPas,YouTube,Happiness
YZkmQMHzPas_49,,Female,American,,36-45,0:11:14,0:11:20,YZkmQMHzPas,YouTube,Happiness
YZkmQMHzPas_5,,Male,American,,36-45,0:01:21,0:01:24,YZkmQMHzPas,YouTube,Happiness
YZkmQMHzPas_6,,Male,American,,56-65,0:01:25,0:01:28,YZkmQMHzPas,YouTube,Happiness
YZkmQMHzPas_7,,Male,American,,56-65,0:01:33,0:01:38,YZkmQMHzPas,YouTube,Happiness
YZkmQMHzPas_8,,Female,American,,26-35,0:01:46,0:01:49,YZkmQMHzPas,YouTube,Happiness
YZkmQMHzPas_9,,Female,American,,26-35,0:01:52,0:01:53,YZkmQMHzPas,YouTube,Happiness
jOPODqjkmgA_1,,Female,White American,,56-65,0:00:03,0:00:04,jOPODqjkmgA,YouTube,Happiness
jOPODqjkmgA_10,,Female,White Australian,,,0:07:52,0:07:58,jOPODqjkmgA,YouTube,Happiness
jOPODqjkmgA_11,,Female ,White Australian,,,0:08:03,0:08:09,jOPODqjkmgA,YouTube,Happiness
jOPODqjkmgA_2,,Female,White American,,,0:00:07,0:00:09,jOPODqjkmgA,YouTube,Happiness
jOPODqjkmgA_3,,Male,White American,,,0:00:13,0:00:14,jOPODqjkmgA,YouTube,Happiness
jOPODqjkmgA_4,,Female,White American,,,0:00:19,0:00:21,jOPODqjkmgA,YouTube,Happiness
jOPODqjkmgA_5,,Female,White American,,56-65,0:00:21,0:00:25,jOPODqjkmgA,YouTube,Happiness
jOPODqjkmgA_6,,Female,White American,,,0:03:57,0:04:03,jOPODqjkmgA,YouTube,Happiness
jOPODqjkmgA_7,,Female,White American,,,0:04:04,0:04:07,jOPODqjkmgA,YouTube,Happiness
jOPODqjkmgA_8,,Female,White American,,,0:04:08,0:04:10,jOPODqjkmgA,YouTube,Happiness
jOPODqjkmgA_9,,Male,White American,,,0:04:58,0:05:02,jOPODqjkmgA,YouTube,Happiness
-3b6G80rTA4_001,English,Male,Black,English,26-35,0:00:51,0:00:57,-3b6G80rTA4,YouTube,Anger
-3b6G80rTA4_002,English,Male,Black,English,26-35,0:03:57,0:04:03,-3b6G80rTA4,YouTube,Anger
-3b6G80rTA4_003,English,Male,Black,English,26-35,0:08:10,0:08:16,-3b6G80rTA4,YouTube,Anger
-3b6G80rTA4_004,English,Male,Black,English,26-35,0:08:16,0:08:22,-3b6G80rTA4,YouTube,Anger
0Fx1tj5A1TA_001,Spanish,Male,Hispanic,Hispanic,26-35,0:03:09,0:03:15,0Fx1tj5A1TA,YouTube,Anger
0UNk81Dqe7M_001,English,Female,White American,American,46-55,0:22:36,0:22:42,0UNk81Dqe7M,YouTube,Anger
0auwpvAU2YA_001,English,Male,White,English,46-55,0:00:10,0:00:15,0auwpvAU2YA,YouTube,Anger
0auwpvAU2YA_002,English,Male,White,English,46-55,0:00:20,0:00:25,0auwpvAU2YA,YouTube,Anger
0auwpvAU2YA_003,English,Male,White,English,46-55,0:00:35,0:00:41,0auwpvAU2YA,YouTube,Anger
0auwpvAU2YA_004,English,Male,White,English,46-55,0:01:38,0:01:42,0auwpvAU2YA,YouTube,Anger
0auwpvAU2YA_005,English,Male,White,English,46-55,0:02:50,0:02:54,0auwpvAU2YA,YouTube,Anger
4l2gfJM4XSY_001,English,Female,White English,English,26-35,0:06:33,0:06:39,4l2gfJM4XSY,YouTube,Anger
5tQo3jMwPw0,English,Male,White,Irish,46-55,0:01:40,0:01:46,5tQo3jMwPw0,YouTube,Anger
5tQo3jMwPw0_2,English,Male,White,Irish,46-55,0:02:08,0:02:14,5tQo3jMwPw0,YouTube,Anger
5tQo3jMwPw0_3,English,Male,White,Irish,46-55,0:02:24,0:02:30,5tQo3jMwPw0,YouTube,Anger
6bDN-uQniyg_001,Spanish,Male,Hispanic,Hispanic,26-35,0:01:04,0:01:10,6bDN-uQniyg,YouTube,Anger
8d8ri-P3ECw_001,English,Male,White English,English,46-55,0:02:20,0:02:26,8d8ri-P3ECw,YouTube,Anger
Ab6S1_GlXTA_001,English,Male,White American,American,56-65,0:04:54,0:05:00,Ab6S1_GlXTA,YouTube,Anger
CJOE-xxJCRY,English,Female,White,British,36-45,0:07:54,0:08:00,CJOE-xxJCRY,YouTube,Anger
CaeddL-CAZU_001,Spanish,Female,Hispanic,Hispanic,26-35,0:00:53,0:00:59,CaeddL-CAZU,YouTube,Anger
CtrO12d3buc_001,English,Male,White,English,26-35,0:01:19,0:01:24,CtrO12d3buc,YouTube,Anger
Du8FXzYuHjs_001,Spanish,Male,Hispanic,Hispanic,26-35,0:15:37,0:15:41,Du8FXzYuHjs,YouTube,Anger
Dv0MdG8IP9k_001,Spanish,Male,Hispanic,Hispanic,26-35,0:10:40,0:10:46,Dv0MdG8IP9k,YouTube,Anger
EC6wo3OMl6c_001,Spanish,Female,Hispanic,Hispanic,26-35,0:05:45,0:05:51,EC6wo3OMl6c,YouTube,Anger
FDFdroN7d0w,English,Female,White,American,26-35,0:00:16,0:00:21,FDFdroN7d0w,YouTube,Anger
FDFdroN7d0w_1,English,Male,White,American,36-45,0:00:24,0:00:30,FDFdroN7d0w,YouTube,Anger
FDFdroN7d0w_2,English,Male,White,American,36-46,0:00:44,0:00:50,FDFdroN7d0w,YouTube,Anger
FDFdroN7d0w_3,English,Male,White,American,36-45,0:03:02,0:03:08,FDFdroN7d0w,YouTube,Anger
FDFdroN7d0w_4,English,Female,White,American,26-35,0:02:56,0:03:01,FDFdroN7d0w,YouTube,Anger
FW8oWRdkmgU_001,English,Male,White,American,26-35,0:01:25,0:01:30,FW8oWRdkmgU,YouTube,Anger
FW8oWRdkmgU_002,English,Male,White,American,26-35,0:01:30,0:01:35,FW8oWRdkmgU,YouTube,Anger
FW8oWRdkmgU_003,English,Male,White,American,26-35,0:01:40,0:01:45,FW8oWRdkmgU,YouTube,Anger
FW8oWRdkmgU_004,English,Male,White,American,26-35,0:01:45,0:01:50,FW8oWRdkmgU,YouTube,Anger
FW8oWRdkmgU_005,English,Male,White,American,26-35,0:02:04,0:02:08,FW8oWRdkmgU,YouTube,Anger
FW8oWRdkmgU_006,English,Male,White,American,26-35,0:07:31,0:07:37,FW8oWRdkmgU,YouTube,Anger
FW8oWRdkmgU_007,English,Male,White,American,26-35,0:07:56,0:08:00,FW8oWRdkmgU,YouTube,Anger
FW8oWRdkmgU_008,English,Male,White,American,26-35,0:08:00,0:08:06,FW8oWRdkmgU,YouTube,Anger
FeMsyz8vkQ8_001,English,Female,White,English,36-45,0:03:06,0:03:11,FeMsyz8vkQ8,YouTube,Anger
HbChcjfL7Mw,English,Male,Black,American,26-35,0:01:03,0:01:09,HbChcjfL7Mw,YouTube,Anger
HbChcjfL7Mw_1,English,Male,White,American,46-55,0:03:05,0:03:10,HbChcjfL7Mw,YouTube,Anger
HkWJtAmMRQI,English,Male,White,British,36-45,0:00:55,0:01:01,HkWJtAmMRQI,YouTube,Anger
HkWJtAmMRQI_1,English,Male,White,British,36-45,0:01:25,0:01:31,HkWJtAmMRQI,YouTube,Anger
HkWJtAmMRQI_2,English,Male,White,British,36-45,0:01:34,0:01:40,HkWJtAmMRQI,YouTube,Anger
HkWJtAmMRQI_3,English,Male,White,American,36-45,0:07:52,0:07:58,HkWJtAmMRQI,YouTube,Anger
HkWJtAmMRQI_4,English,Male,White,American,36-45,0:08:06,0:08:12,HkWJtAmMRQI,YouTube,Anger
HkWJtAmMRQI_5,English,Male,White,American,36-45,0:08:34,0:08:40,HkWJtAmMRQI,YouTube,Anger
HkWJtAmMRQI_6,English,Male,White,American,16-25,0:10:10,0:10:16,HkWJtAmMRQI,YouTube,Anger
ILqwaOR70mU_001,English,Female,White,American,36-45,0:02:25,0:02:30,ILqwaOR70mU,YouTube,Anger
ILqwaOR70mU_002,English,Female,White,American,36-45,0:03:39,0:03:44,ILqwaOR70mU,YouTube,Anger
InmyWyU2u08_001,Spanish,Female,Hispanic,Hispanic,26-35,0:13:41,0:13:45,InmyWyU2u08,YouTube,Anger
InmyWyU2u08_002,Spanish,Female,Hispanic,Hispanic,26-35,0:02:54,0:02:57,InmyWyU2u08,YouTube,Anger
JvXnH-ofFVQ,English,Male,Black,American,26-35,0:00:50,0:00:56,JvXnH-ofFVQ,YouTube,Anger
JvXnH-ofFVQ_1,English,Male,Black,American,26-35,0:00:58,0:01:04,JvXnH-ofFVQ,YouTube,Anger
JvXnH-ofFVQ_2,English,Male,Black,American,26-35,0:01:05,0:01:10,JvXnH-ofFVQ,YouTube,Anger
KZkSTepqlKw_001,English,Female,Black American,American,46-55,0:10:39,0:10:45,KZkSTepqlKw,YouTube,Anger
KZkSTepqlKw_002,English,Female,Black American,American,26-35,0:11:29,0:11:35,KZkSTepqlKw,YouTube,Anger
L9aA-3O_-54_002,English,Female,Black American,American,26-35,0:00:18,0:00:21,L9aA-3O_-54,YouTube,Anger
L9aA-3O_-54_006,English,Female,White English,English,26-35,0:01:54,0:01:59,L9aA-3O_-54,YouTube,Anger
L9aA-3O_-54_008,English,Female,White American,American,26-35,0:02:37,0:02:42,L9aA-3O_-54,YouTube,Anger
L9aA-3O_-54_010,English,Female,White American,American,26-35,0:02:53,0:02:59,L9aA-3O_-54,YouTube,Anger
L9aA-3O_-54_011,English,Female,White American,American,26-35,0:03:00,0:03:05,L9aA-3O_-54,YouTube,Anger
L9aA-3O_-54_012,English,Female,White American,American,26-35,0:03:06,0:03:09,L9aA-3O_-54,YouTube,Anger
L9aA-3O_-54_015,English,Female,White American,American,46-55,0:04:34,0:04:39,L9aA-3O_-54,YouTube,Anger
L9aA-3O_-54_018,English,Female,Black American,American,26-35,0:08:57,0:09:01,L9aA-3O_-54,YouTube,Anger
MQkeBr1iNqg,English,Male,White,British,36-45,0:02:25,0:02:31,MQkeBr1iNqg,YouTube,Anger
MQkeBr1iNqg_1,English,Male,White,British,36-45,0:02:19,0:02:25,MQkeBr1iNqg,YouTube,Anger
McDT_rRVZ1Y_002,English,Male,White English,,46-55,0:00:08,0:00:10,McDT_rRVZ1Y,YouTube,Anger
McDT_rRVZ1Y_004,English,Male,White English,,36-45,0:00:22,0:00:24,McDT_rRVZ1Y,YouTube,Anger
McDT_rRVZ1Y_008,English,Male,White English,,46-55,0:00:45,0:00:49,McDT_rRVZ1Y,YouTube,Anger
McDT_rRVZ1Y_009,English,Male,White English,,46-55,0:00:52,0:00:58,McDT_rRVZ1Y,YouTube,Anger
McDT_rRVZ1Y_011,English,Male,White English,,46-55,0:01:03,0:01:05,McDT_rRVZ1Y,YouTube,Anger
McDT_rRVZ1Y_012,English,Male,White English,,46-55,0:01:10,0:01:13,McDT_rRVZ1Y,YouTube,Anger
McDT_rRVZ1Y_014,English,Male,White English,,46-55,0:01:23,0:01:25,McDT_rRVZ1Y,YouTube,Anger
McDT_rRVZ1Y_015,English,Male,White English,,46-55,0:01:27,0:01:28,McDT_rRVZ1Y,YouTube,Anger
McDT_rRVZ1Y_016,English,Male,White English,,46-55,0:01:30,0:01:33,McDT_rRVZ1Y,YouTube,Anger
McDT_rRVZ1Y_017,English,Male,White English,,46-55,0:01:43,0:01:46,McDT_rRVZ1Y,YouTube,Anger
McDT_rRVZ1Y_018,English,Male,English,,36-45,0:02:35,0:02:37,McDT_rRVZ1Y,YouTube,Anger
McDT_rRVZ1Y_019,English,Male,English,,36-45,0:02:39,0:02:42,McDT_rRVZ1Y,YouTube,Anger
McDT_rRVZ1Y_020,English,Male,English,,36-45,0:02:47,0:02:49,McDT_rRVZ1Y,YouTube,Anger
McDT_rRVZ1Y_025,English,Male,Asian,,36-45,0:04:47,0:04:49,McDT_rRVZ1Y,YouTube,Anger
McDT_rRVZ1Y_042,English,Male,White English,,36-45,0:07:42,0:07:46,McDT_rRVZ1Y,YouTube,Anger
McDT_rRVZ1Y_043,English,Male,White English,,36-45,0:07:50,0:07:55,McDT_rRVZ1Y,YouTube,Anger
QmFqTnhmSZ4_001,English,Male,White American,American,36-45,0:05:34,0:05:39,QmFqTnhmSZ4,YouTube,Anger
QmQW1ihFRIM_001,Spanish,Female,Hispanic,Hispanic,36-45,0:02:45,0:02:51,QmQW1ihFRIM,YouTube,Anger
R8k0w4PeRKA_001,Spanish,Male,Hispanic,Hispanic,46-55,0:02:45,0:02:51,R8k0w4PeRKA,YouTube,Anger
SFjGE4QXYqk,English,Male,White,English,46-55,0:02:00,0:02:06,SFjGE4QXYqk,YouTube,Anger
SFjGE4QXYqk_1,English,Male,White,English,46-55,0:02:35,0:02:41,SFjGE4QXYqk,YouTube,Anger
SFjGE4QXYqk_2,English,Male,White,English,46-55,0:03:10,0:03:16,SFjGE4QXYqk,YouTube,Anger
TE2t4hRoh7M_001,English,Male,Black,English,26-35,0:00:28,0:00:33,TE2t4hRoh7M,YouTube,Anger
TE2t4hRoh7M_002,English,Male,Black,English,26-35,0:00:48,0:00:52,TE2t4hRoh7M,YouTube,Anger
TE2t4hRoh7M_003,English,Male,Black,English,26-35,0:01:03,0:01:09,TE2t4hRoh7M,YouTube,Anger
TE2t4hRoh7M_004,English,Male,Black,English,26-35,0:01:15,0:01:21,TE2t4hRoh7M,YouTube,Anger
TE2t4hRoh7M_005,English,Male,Black,English,26-35,0:01:28,0:01:32,TE2t4hRoh7M,YouTube,Anger
TE2t4hRoh7M_006,English,Male,Black,English,26-35,0:01:50,0:01:56,TE2t4hRoh7M,YouTube,Anger
TE2t4hRoh7M_007,English,Male,Black,English,26-35,0:02:00,0:02:06,TE2t4hRoh7M,YouTube,Anger
TVkcXFpRzdc_001,Spanish,Female,Hispanic,Hispanic,26-35,0:13:00,0:13:04,TVkcXFpRzdc,YouTube,Anger
U1zyLRoLWSw_001,English,Female,Black American,American,36-45,0:08:50,0:08:56,U1zyLRoLWSw,YouTube,Anger
VKl41s51JvE,English,Male,White,American,36-45,0:00:18,0:00:24,VKl41s51JvE,YouTube,Anger
VKl41s51JvE_1,English,Male,White,American,36-45,0:01:55,0:02:00,VKl41s51JvE,YouTube,Anger
VofbmAXVbdA_001,Spanish,Female,Hispanic,Hispanic,26-35,0:00:18,0:00:21,VofbmAXVbdA,YouTube,Anger
WecBtytJRKE_004,English,Male,White European,European,56-65,0:00:59,0:01:03,WecBtytJRKE,YouTube,Anger
WecBtytJRKE_005,English,Male,White European,European,56-65,0:01:06,0:01:10,WecBtytJRKE,YouTube,Anger
WecBtytJRKE_006,English,Male,White European,European,56-65,0:01:16,0:01:18,WecBtytJRKE,YouTube,Anger
WecBtytJRKE_007,English,Male,White English,English,16-25,0:02:58,0:03:00,WecBtytJRKE,YouTube,Anger
WecBtytJRKE_008,English,Male,White English,English,36-45,0:03:00,0:03:04,WecBtytJRKE,YouTube,Anger
WecBtytJRKE_009,English,Male,White English,English,16-25,0:03:11,0:03:15,WecBtytJRKE,YouTube,Anger
WecBtytJRKE_010,English,Male,White English,English,36-45,0:03:31,0:03:33,WecBtytJRKE,YouTube,Anger
WecBtytJRKE_011,English,Male,White English,English,16-25,0:03:50,0:03:54,WecBtytJRKE,YouTube,Anger
WecBtytJRKE_012,English,Male,White English,English,16-25,0:04:22,0:04:26,WecBtytJRKE,YouTube,Anger
WecBtytJRKE_013,English,Male,White English,English,16-25,0:04:28,0:04:30,WecBtytJRKE,YouTube,Anger
WecBtytJRKE_014,English,Male,White English,English,36-45,0:05:22,0:05:24,WecBtytJRKE,YouTube,Anger
WecBtytJRKE_015,English,Male,White English,English,16-25,0:05:31,0:05:37,WecBtytJRKE,YouTube,Anger
WecBtytJRKE_016,English,Male,White English,English,16-25,0:05:49,0:05:55,WecBtytJRKE,YouTube,Anger
YT_Jc9_8e_E_001,English,Male,White,English,56-65,0:02:43,0:02:48,YT_Jc9_8e_E,YouTube,Anger
YpOD9KRIuWo_001,English,Female,White,American,16-25,0:05:15,0:05:20,YpOD9KRIuWo,YouTube,Anger
ZH7IOl-iC4k_001,Spanish,Male,Hispanic,Hispanic,46-55,0:00:54,0:01:00,ZH7IOl-iC4k,YouTube,Anger
ZH7IOl-iC4k_002,Spanish,Male,Hispanic,Hispanic,46-55,0:01:00,0:01:06,ZH7IOl-iC4k,YouTube,Anger
Ziv536I6H5U,English,Male,White,American,46-55,0:00:44,0:00:50,Ziv536I6H5U,YouTube,Anger
Ziv536I6H5U_001,English,Male,White,American,46-55,0:00:44,0:00:49,Ziv536I6H5U,YouTube,Anger
Ziv536I6H5U_002,English,Male,White,American,46-55,0:00:50,0:00:56,Ziv536I6H5U,YouTube,Anger
Ziv536I6H5U_003,English,Male,White,American,46-55,0:23:27,0:23:32,Ziv536I6H5U,YouTube,Anger
Ziv536I6H5U_1,English,Male,White,American,46-55,0:00:52,0:00:58,Ziv536I6H5U,YouTube,Anger
Ziv536I6H5U_2,English,Male,White,American,26-35,0:06:10,0:06:16,Ziv536I6H5U,YouTube,Anger
Ziv536I6H5U_3,English,Female,White,American,26-35,0:11:19,0:11:25,Ziv536I6H5U,YouTube,Anger
Ziv536I6H5U_4,English,Male,White,American,46-55,0:23:24,0:23:30,Ziv536I6H5U,YouTube,Anger
ZxgPiSfCncI_001,Spanish,Female,Hispanic,Hispanic,26-35,0:00:38,0:00:41,ZxgPiSfCncI,YouTube,Anger
_Qysd242T7w_001,Spanish,Male,Hispanic,Hispanic,46-55,0:00:20,0:00:26,_Qysd242T7w,YouTube,Anger
_Qysd242T7w_002,Spanish,Male,Hispanic,Hispanic,46-55,0:01:00,0:01:06,_Qysd242T7w,YouTube,Anger
_Qysd242T7w_003,Spanish,Male,Hispanic,Hispanic,46-55,0:01:06,0:01:12,_Qysd242T7w,YouTube,Anger
_Qysd242T7w_004,Spanish,Male,Hispanic,Hispanic,46-55,0:01:12,0:01:18,_Qysd242T7w,YouTube,Anger
_Qysd242T7w_005,Spanish,Male,Hispanic,Hispanic,46-55,0:01:20,0:01:26,_Qysd242T7w,YouTube,Anger
a9_jRAGUpYM,English,Male,White,American,46-55,0:00:48,0:00:54,a9_jRAGUpYM,YouTube,Anger
a9_jRAGUpYM_1,English,Male,White,American,46-55,0:01:34,0:01:40,a9_jRAGUpYM,YouTube,Anger
a9_jRAGUpYM_2,English,Male,White,American,46-55,0:05:23,0:05:29,a9_jRAGUpYM,YouTube,Anger
a9_jRAGUpYM_3,English,Male,White,American,26-35,0:14:28,0:14:34,a9_jRAGUpYM,YouTube,Anger
aSnhNCYJPFY_001,English,Female,White,English,26-35,0:03:30,0:03:34,aSnhNCYJPFY,YouTube,Anger
aSnhNCYJPFY_002,English,Female,White,English,36-45,0:04:28,0:04:33,aSnhNCYJPFY,YouTube,Anger
aZQmO9ihrYo_001,English,Female,Black American,American,26-35,0:06:05,0:06:11,aZQmO9ihrYo,YouTube,Anger
aZQmO9ihrYo_002,English,Male,Black American,American,26-35,0:09:20,0:09:26,aZQmO9ihrYo,YouTube,Anger
cx9OjiG-y5Y_001,English,Female,White American,American,46-55,0:05:48,0:05:54,cx9OjiG-y5Y,YouTube,Anger
diEUCwkWepI_001,English,Male,White,English,36-45,0:01:20,0:01:26,diEUCwkWepI,YouTube,Anger
diEUCwkWepI_002,English,Male,White,English,36-45,0:01:30,0:01:36,diEUCwkWepI,YouTube,Anger
e52miaehmVE_001,English,Male,White,American,36-45,0:04:50,0:04:56,e52miaehmVE,YouTube,Anger
e52miaehmVE_002,English,Male,White,American,46-55,0:22:20,0:22:26,e52miaehmVE,YouTube,Anger
e52miaehmVE_003,English,Male,White,English,46-55,0:25:07,0:25:12,e52miaehmVE,YouTube,Anger
e52miaehmVE_004,English,Male,White,English,46-55,0:26:26,0:26:31,e52miaehmVE,YouTube,Anger
e52miaehmVE_005,English,Male,White,American,36-45,0:27:29,0:27:34,e52miaehmVE,YouTube,Anger
e52miaehmVE_006,English,Male,White,American,36-45,0:28:56,0:29:00,e52miaehmVE,YouTube,Anger
eEaLK2Txt4U_001,English,Male,White,American,26-35,0:03:07,0:03:13,eEaLK2Txt4U,YouTube,Anger
fxz5DpoCPpw_001,Spanish,Male,Hispanic,Hispanic,36-45,0:03:00,0:03:06,fxz5DpoCPpw,YouTube,Anger
hNK8FCFpmm4_001,English,Female,Black,American,36-45,0:01:00,0:01:04,hNK8FCFpmm4,YouTube,Anger
hNK8FCFpmm4_002,English,Female,Black,American,36-45,0:01:05,0:01:09,hNK8FCFpmm4,YouTube,Anger
hNK8FCFpmm4_003,English,Female,Black,American,36-45,0:01:09,0:01:13,hNK8FCFpmm4,YouTube,Anger
jbh5Q-eHULU_001,English,Female,White,American,26-35,0:00:55,0:00:59,jbh5Q-eHULU,YouTube,Anger
jbh5Q-eHULU_002,English,Female,White,American,26-35,0:01:03,0:01:08,jbh5Q-eHULU,YouTube,Anger
jbh5Q-eHULU_003,English,Female,White,American,26-35,0:01:25,0:01:28,jbh5Q-eHULU,YouTube,Anger
jbh5Q-eHULU_004,English,Female,White,American,26-35,0:01:47,0:01:53,jbh5Q-eHULU,YouTube,Anger
kYbwJYSYc0g_001,Spanish,Male,Hispanic,Hispanic,46-55,0:01:47,0:01:53,kYbwJYSYc0g,YouTube,Anger
k_tpzxHmU8Q,English,Male,White,American,46-55,0:00:30,0:00:35,k_tpzxHmU8Q,YouTube,Anger
k_tpzxHmU8Q_10,English,Male,White,American,36-45,0:09:50,0:09:56,k_tpzxHmU8Q,YouTube,Anger
k_tpzxHmU8Q_2,English,Male,White,American,46-55,0:01:30,0:01:36,k_tpzxHmU8Q,YouTube,Anger
k_tpzxHmU8Q_3,English,Male,White,American,46-55,0:01:38,0:01:44,k_tpzxHmU8Q,YouTube,Anger
k_tpzxHmU8Q_4,English,Male,White,British,46-55,0:01:50,0:01:56,k_tpzxHmU8Q,YouTube,Anger
k_tpzxHmU8Q_5,English,Female,White,American,26-35,0:05:39,0:05:44,k_tpzxHmU8Q,YouTube,Anger
k_tpzxHmU8Q_6,English,Male,White,American,36-45,0:07:20,0:07:26,k_tpzxHmU8Q,YouTube,Anger
k_tpzxHmU8Q_7,English,Male,White,American,36-46,0:07:30,0:07:36,k_tpzxHmU8Q,YouTube,Anger
k_tpzxHmU8Q_8,English,Male,White,American,36-45,0:08:04,0:08:10,k_tpzxHmU8Q,YouTube,Anger
k_tpzxHmU8Q_9,English,Male,White,American,36-45,0:09:09,0:09:15,k_tpzxHmU8Q,YouTube,Anger
kaIjqBz4A_o,English,Male,White,American,46-55,0:01:16,0:01:21,kaIjqBz4A_o,YouTube,Anger
kaIjqBz4A_o_1,English,Male,White,American,46-55,0:01:31,0:01:36,kaIjqBz4A_o,YouTube,Anger
kaIjqBz4A_o_2,English,Male,White,American,26-35,0:03:06,0:03:12,kaIjqBz4A_o,YouTube,Anger
kaIjqBz4A_o_3,English,Male,White,American,26-35,0:03:31,0:03:37,kaIjqBz4A_o,YouTube,Anger
kaIjqBz4A_o_4,English,Male,White,American,26-35,0:03:22,0:03:29,kaIjqBz4A_o,YouTube,Anger
kjhakj1a6IQ_001,English,Female,White,Welsh,46-55,0:00:40,0:00:43,kjhakj1a6IQ,YouTube,Anger
kjhakj1a6IQ_002,English,Female,White,Welsh,46-55,0:01:19,0:01:22,kjhakj1a6IQ,YouTube,Anger
mgthYxkXLag_001,Spanish,Male,Hispanic,Hispanic,46-55,0:03:15,0:03:20,mgthYxkXLag,YouTube,Anger
n5_TB2fS94w,English,Female,White,American,46-55,0:02:50,0:02:56,n5_TB2fS94w,YouTube,Anger
n5_TB2fS94w_1,English,Male,White,American,46-55,0:00:52,0:00:58,n5_TB2fS94w,YouTube,Anger
n5_TB2fS94w_2,English,Male,White,American,26-35,0:03:26,0:03:31,n5_TB2fS94w,YouTube,Anger
n5_TB2fS94w_3,English,Male,White,American,46-55,0:02:02,0:02:08,n5_TB2fS94w,YouTube,Anger
o3X1xYrMZV4_001,English,Male,White,American,26-35,0:00:40,0:00:46,o3X1xYrMZV4,YouTube,Anger
o3X1xYrMZV4_002,English,Male,White,American,26-35,0:03:54,0:03:57,o3X1xYrMZV4,YouTube,Anger
oGQnS35nTeE_001,Spanish,Female,Hispanic,Hispanic,26-35,0:06:55,0:07:01,oGQnS35nTeE,YouTube,Anger
oWOwys_Zhsk_001,Spanish,Female,Hispanic,Hispanic,26-35,0:10:15,0:10:19,oWOwys_Zhsk,YouTube,Anger
pTUcbXg8b4c_001,Spanish,Female,Hispanic,Hispanic,26-35,0:05:15,0:05:19,pTUcbXg8b4c,YouTube,Anger
qRQYj5R76NA_001,Spanish,Male,Hispanic,Hispanic,46-55,0:06:06,0:06:12,qRQYj5R76NA,YouTube,Anger
qRQYj5R76NA_002,Spanish,Male,Hispanic,Hispanic,46-55,0:06:31,0:06:37,qRQYj5R76NA,YouTube,Anger
qRQYj5R76NA_003,Spanish,Male,Hispanic,Hispanic,46-55,0:06:42,0:06:48,qRQYj5R76NA,YouTube,Anger
qRQYj5R76NA_004,Spanish,Male,Hispanic,Hispanic,46-55,0:06:51,0:06:57,qRQYj5R76NA,YouTube,Anger
qRQYj5R76NA_005,Spanish,Male,Hispanic,Hispanic,46-55,0:07:10,0:07:16,qRQYj5R76NA,YouTube,Anger
qRQYj5R76NA_006,Spanish,Male,Hispanic,Hispanic,46-55,0:10:06,0:10:12,qRQYj5R76NA,YouTube,Anger
qRQYj5R76NA_007,Spanish,Male,Hispanic,Hispanic,46-55,0:10:14,0:10:20,qRQYj5R76NA,YouTube,Anger
qRQYj5R76NA_008,Spanish,Male,Hispanic,Hispanic,46-55,0:10:20,0:10:26,qRQYj5R76NA,YouTube,Anger
qkhuJ23ehZ0,English,Male,White,American,16-25,0:00:15,0:00:20,qkhuJ23ehZ0,YouTube,Anger
qkhuJ23ehZ0_1,English,Male,White,American,16-26,0:00:27,0:00:33,qkhuJ23ehZ0,YouTube,Anger
qkhuJ23ehZ0_2,English,Male,White,American,36-45,0:00:34,0:00:39,qkhuJ23ehZ0,YouTube,Anger
qkhuJ23ehZ0_3,English,Male,White,American,36-45,0:01:36,0:01:42,qkhuJ23ehZ0,YouTube,Anger
shLbGk47nt4_001,English,Male,White,English,26-35,0:06:36,0:06:42,shLbGk47nt4,YouTube,Anger
shLbGk47nt4_002,English,Male,White,English,26-35,0:08:40,0:08:46,shLbGk47nt4,YouTube,Anger
shLbGk47nt4_003,English,Male,White,English,26-35,0:11:05,0:11:10,shLbGk47nt4,YouTube,Anger
shLbGk47nt4_004,English,Male,White,English,26-35,0:11:30,0:11:36,shLbGk47nt4,YouTube,Anger
tF_t_DVuU2o_001,Spanish,Female,Hispanic,Hispanic,26-35,0:01:40,0:01:43,tF_t_DVuU2o,YouTube,Anger
wB_OZiwoxN4_003,English,Female,White American,,36-45,0:00:41,0:00:45,wB_OZiwoxN4,YouTube,Anger
wB_OZiwoxN4_004,English,Male,Asian,,46-55,0:01:01,0:01:04,wB_OZiwoxN4,YouTube,Anger
wB_OZiwoxN4_005,English,Male,Asian,,46-55,0:01:06,0:01:08,wB_OZiwoxN4,YouTube,Anger
wB_OZiwoxN4_006,English,Male,Asian,,46-55,0:01:10,0:01:14,wB_OZiwoxN4,YouTube,Anger
wB_OZiwoxN4_011,English,Male,White American,,36-45,0:02:46,0:02:50,wB_OZiwoxN4,YouTube,Anger
wB_OZiwoxN4_014,English,Male,White English,,36-45,0:03:39,0:03:42,wB_OZiwoxN4,YouTube,Anger
wB_OZiwoxN4_022,English,Male,White English,,36-45,0:04:39,0:04:42,wB_OZiwoxN4,YouTube,Anger
wB_OZiwoxN4_023,English,Male,White English,,36-45,0:04:43,0:04:46,wB_OZiwoxN4,YouTube,Anger
xUR5SlNsntg_001,English,Male,White,English,46-55,0:00:29,0:00:35,xUR5SlNsntg,YouTube,Anger
yNOCR16ZFQ0_001,English,Female,White English,English,26-35,0:01:02,0:01:08,yNOCR16ZFQ0,YouTube,Anger
yNOCR16ZFQ0_002,English,Female,White English,English,26-35,0:09:42,0:09:48,yNOCR16ZFQ0,YouTube,Anger
yNOCR16ZFQ0_003,English,Female,White English,English,26-35,0:10:01,0:10:05,yNOCR16ZFQ0,YouTube,Anger
yfFIfNIyaGo_001,English,Female,White American,American,36-45,0:01:55,0:02:00,yfFIfNIyaGo,YouTube,Anger
yfFIfNIyaGo_002,English,Female,White American,American,36-45,0:02:02,0:02:07,yfFIfNIyaGo,YouTube,Anger
yfFIfNIyaGo_003,English,Female,White American,American,36-45,0:02:15,0:02:20,yfFIfNIyaGo,YouTube,Anger
yfFIfNIyaGo_004,English,Female,White American,American,46-55,0:02:34,0:02:39,yfFIfNIyaGo,YouTube,Anger
yfsqXw4vPgg_001,Spanish,Male,Hispanic,Hispanic,36-45,0:01:24,0:01:30,yfsqXw4vPgg,YouTube,Anger
yfsqXw4vPgg_002,Spanish,Male,Hispanic,Hispanic,36-45,0:01:30,0:01:36,yfsqXw4vPgg,YouTube,Anger
yfsqXw4vPgg_003,Spanish,Male,Hispanic,Hispanic,36-45,0:01:44,0:01:50,yfsqXw4vPgg,YouTube,Anger
yfsqXw4vPgg_004,Spanish,Male,Hispanic,Hispanic,36-45,0:01:50,0:01:56,yfsqXw4vPgg,YouTube,Anger
